SET DATESTYLE TO YMD;
INSERT INTO Employee(FName, MInit, LName, SSN, BirthDate, Sex) VALUES
  ('John', 'B', 'Smith', '123456789', '1955-09-05', 'M'),
  ('Franklin', 'T', 'Wong', '333445555', '1945-08-12', 'M'),
  ('Alicia', 'J', 'Zelaya', '999887777', '1958-07-19', 'F'),
  ('Jennifer', 'S', 'Wallace', '987654321', '1931-06-20', 'F'),
  ('Ramesh', 'K', 'Narayan', '666884444', '1952-09-15', 'M'),
  ('Joyce', 'A', 'English', '453453453', '1962-07-31', 'F'),
  ('Ahmad', 'V', 'Jabbar', '987987987', '1959-03-29', 'M'),
  ('James', 'A', 'Borg', '888665555', '1927-11-10', 'M');

INSERT INTO EmpLifespan (SSN, FromDate, ToDate) VALUES
  ('123456789', '1985-01-01', '9999-12-31'),
  ('333445555', '1982-01-01', '9999-12-31'),
  ('999887777', '1985-01-01', '9999-12-31'),
  ('987654321', '1982-01-01', '9999-12-31'),
  ('666884444', '1985-01-01', '9999-12-31'),
  ('453453453', '1985-01-01', '9999-12-31'),
  ('987987987', '1985-01-01', '9999-12-31'),
  ('888665555', '1980-01-01', '9999-12-31');

INSERT INTO EmpSalary (SSN, Salary, FromDate, ToDate) VALUES
  ('123456789', 30000, '1985-01-01', '9999-12-31'),
  ('333445555', 40000, '1982-01-01', '1983-01-01'),
  ('333445555', 45000, '1983-01-01', '9999-12-31'),
  ('999887777', 25000, '1985-01-01', '9999-12-31'),
  ('987654321', 43000, '1982-01-01', '9999-12-31'),
  ('666884444', 38000, '1985-01-01', '9999-12-31'),
  ('453453453', 25000, '1985-01-01', '9999-12-31'),
  ('987987987', 25000, '1985-01-01', '9999-12-31'),
  ('888665555', 55000, '1980-01-01', '1981-01-01'),
  ('888665555', 58000, '1981-01-01', '9999-12-31');

INSERT INTO EmpAddress (SSN, Street, City, Zip, State, FromDate, ToDate) VALUES
  ('123456789', '731 Fondren', 'Houston', '1000', 'TX', '1985-01-01', '9999-12-31'),
  ('333445555', '638 Voss', 'Houston', '1000', 'TX', '1982-01-01', '9999-12-31'),
  ('999887777', '3321 Castle', 'Spring', '1000', 'TX', '1985-01-01', '9999-12-31'),
  ('987654321', '291 Berry', 'Bellaire', '1000', 'TX', '1982-01-01', '9999-12-31'),
  ('666884444', '975 Fire Oak', 'Humble', '1000', 'TX', '1985-01-01', '9999-12-31'),
  ('453453453', '5631 Rice', 'Houston', '1000', 'TX', '1985-01-01', '9999-12-31'),
  ('987987987', '980 Dallas', 'Houston', '1000', 'TX', '1985-01-01', '9999-12-31'),
  ('888665555', '450 Stone', 'Houston', '1000', 'TX', '1980-01-01', '9999-12-31');

INSERT INTO Supervision (SSN, SuperSSN, FromDate, ToDate) VALUES
  ('123456789', '333445555', '1985-01-01', '9999-12-31'),
  ('333445555', '888665555', '1982-01-01', '9999-12-31'),
  ('999887777', '987654321', '1985-01-01', '9999-12-31'),
  ('987654321', '888665555', '1982-01-01', '9999-12-31'),
  ('666884444', '333445555', '1985-01-01', '9999-12-31'),
  ('453453453', '333445555', '1985-01-01', '9999-12-31'),
  ('987987987', '987654321', '1985-01-01', '9999-12-31');

INSERT INTO Department (DName, DNumber, MgrSSN, MgrStartDate, FromDate, ToDate) VALUES
  ('Headquarters', 1, '888665555', '1971-06-19', '1980-01-01', '9999-12-31'),
  ('Administration', 4, '987654321', '1985-01-01', '1981-01-01', '9999-12-31'),
  ('Research', 5, '333445555', '1978-05-22', '1982-01-01', '9999-12-31');

INSERT INTO Affiliation (SSN, DNumber, FromDate, ToDate) VALUES
  ('123456789', 1, '1985-01-01', '1986-01-01'),
  ('123456789', 5, '1986-01-01', '9999-12-31'),
  ('333445555', 4, '1982-01-01', '1984-01-01'),
  ('333445555', 5, '1984-01-01', '9999-12-31'),
  ('999887777', 4, '1985-01-01', '9999-12-31'),
  ('987654321', 4, '1982-01-01', '9999-12-31'),
  ('666884444', 5, '1985-01-01', '9999-12-31'),
  ('453453453', 5, '1985-01-01', '9999-12-31'),
  ('987987987', 4, '1985-01-01', '9999-12-31'),
  ('888665555', 1, '1980-01-01', '9999-12-31');

INSERT INTO DeptNbEmp (DNumber, NbEmp, FromDate, ToDate) VALUES
  (5, 1, '1980-01-01', '9999-12-31'),
  (4, 3, '1981-01-01', '9999-12-31'),
  (1, 1, '1982-01-01', '9999-12-31');

INSERT INTO DeptLocations (DNumber, DLocation, FromDate, ToDate) VALUES
  (1, 'Houston', '1980-01-01', '9999-12-31'),
  (4, 'Stafford', '1980-01-01', '9999-12-31'),
  (5, 'Bellaire', '1980-01-01', '9999-12-31'),
  (5, 'Sugarland', '1980-01-01', '9999-12-31'),
  (5, 'Houston', '1980-01-01', '9999-12-31');

INSERT INTO Project (PName, PNumber, PLocation, FromDate, ToDate) VALUES
  ('ProductX', 1, 'Bellaire', '1980-01-01', '9999-12-31'),
  ('ProductY', 2, 'Sugarland', '1980-01-01', '9999-12-31'),
  ('ProductZ', 3, 'Houston', '1980-01-01', '9999-12-31'),
  ('Computerization', 10, 'Stafford', '1980-01-01', '9999-12-31'),
  ('Reorganization', 20, 'Houston', '1980-01-01', '9999-12-31'),
  ('Newbenefits', 30, 'Stafford', '1980-01-01', '9999-12-31');

INSERT INTO Controls (PNumber, DNumber, FromDate, ToDate) VALUES
  (1, 5, '1980-01-01', '9999-12-31'),
  (2, 5, '1980-01-01', '9999-12-31'),
  (3, 5, '1980-01-01', '9999-12-31'),
  (10, 4, '1980-01-01', '9999-12-31'),
  (20, 1, '1980-01-01', '9999-12-31'),
  (30, 4, '1980-01-01', '9999-12-31');

INSERT INTO WorksOn (SSN, PNumber, Hours, FromDate, ToDate) VALUES
  ('123456789', 1, 32.5, '1985-01-01', '9999-12-31'),
  ('123456789', 2, 7.5, '1985-01-01', '9999-12-31'),
  ('333445555', 1, 10, '1982-01-01', '2000-01-01'),
  ('333445555', 2, 10, '1982-01-01', '2002-01-01'),
  ('333445555', 3, 20, '2005-01-01', '9999-12-31'),
  ('453453453', 1, 20, '1985-01-01', '9999-12-31'),
  ('453453453', 2, 20, '1985-01-01', '9999-12-31'),
  ('666884444', 3, 40, '1985-01-01', '9999-12-31'),
  ('888665555', 20, 30, '1983-01-01', '9999-12-31'),
  ('987654321', 10, 5, '1982-01-01', '2000-01-01'),
  ('987654321', 20, 15, '1982-01-01', '2001-01-01'),
  ('987654321', 30, 20, '1982-01-01', '2002-01-01'),
  ('987987987', 10, 35, '1985-01-01', '9999-12-31'),
  ('987987987', 30, 5, '1985-01-01', '9999-12-31'),
  ('999887777', 10, 10, '1985-01-01', '9999-12-31'),
  ('999887777', 30, 30, '1985-01-01', '9999-12-31');
